{
  "train_loss": [
    1.6669676005840302,
    1.4744843393564224,
    1.284711442887783,
    1.3250853158533573,
    1.4133583046495914,
    1.2589095328003168,
    0.9842784013599157,
    0.8611282575875521,
    1.353865954093635,
    1.3772030882537365
  ],
  "train_acc": [
    27.419354838709676,
    38.70967741935484,
    46.774193548387096,
    53.225806451612904,
    46.774193548387096,
    58.064516129032256,
    59.67741935483871,
    77.41935483870968,
    54.83870967741935,
    48.38709677419355
  ],
  "val_loss": [
    19.86479961872101,
    1.4188057780265808,
    0.6377280093729496,
    1.8855723142623901,
    0.9774373359978199,
    2.0129200518131256,
    0.697323577478528,
    2.896516293287277,
    102.4195327758789,
    4.4455918073654175
  ],
  "val_acc": [
    21.428571428571427,
    57.142857142857146,
    85.71428571428571,
    50.0,
    78.57142857142857,
    35.714285714285715,
    92.85714285714286,
    57.142857142857146,
    21.428571428571427,
    50.0
  ]
}